Symbol,Direction,Entry Price,Max Size,Max Size USDT,Realized PnL,Realized PnL %,Open Time,Close Time,Runup,Drawdown
SOLUSDT,Short,120 USDT,"3,000","360,000.00 USDT","-1,836.58 USDT",-0.51 %,04/02/2025 22:42 UTC,04/03/2025 04:45 UTC,2.93 % 116.58 USDT,-0.51 % 120.62 USDT
BTCUSDT,Long,"84,402.29 USDT",21,"1,772,448.10 USDT","-17,646.19 USDT",-1.00 %,03/28/2025 14:09 UTC,04/02/2025 22:12 UTC,"4.85 % 88,500 USDT","-3.77 % 81,222 USDT"
REDUSDT,Long,0.619 USDT,"786,481","522,334.04 USDT","-151,771.87 USDT",-29.06 %,03/25/2025 13:30 UTC,04/02/2025 22:08 UTC,8.56 % 0.67 USDT,-32.11 % 0.42 USDT
ENAUSDT,Long,0.433 USDT,"500,000","216,300.00 USDT",462.27 USDT,0.21 %,03/25/2025 14:01 UTC,03/26/2025 13:17 UTC,1.43 % 0.44 USDT,-4.79 % 0.41 USDT
BERAUSDT,Long,7.144 USDT,"30,000","214,310.00 USDT","21,371 USDT",9.97 %,03/21/2025 06:37 UTC,03/26/2025 13:11 UTC,15.91 % 8.28 USDT,-12.26 % 6.27 USDT
BTCUSDT,Long,"84,968.337 USDT",27,"2,274,365.16 USDT","67,171 USDT",2.95 %,03/18/2025 01:44 UTC,03/26/2025 13:10 UTC,"4.16 % 88,500 USDT","-4.54 % 81,113 USDT"
BTCUSDT,Long,"81,069.75 USDT",20,"1,621,395.00 USDT","-16,064.31 USDT",-0.99 %,03/10/2025 08:33 UTC,03/17/2025 23:31 UTC,"3.65 % 84,031 USDT","-5.56 % 76,560 USDT"
GRASSUSDT,Long,1.726 USDT,"119,159.6","205,678.93 USDT","-41,590.18 USDT",-20.22 %,03/09/2025 22:29 UTC,03/13/2025 11:45 UTC,6.42 % 1.84 USDT,-29.35 % 1.22 USDT
BTCUSDT,Long,"81,518.233 USDT",30,"2,445,547.00 USDT","9,671 USDT",0.40 %,03/09/2025 21:30 UTC,03/10/2025 03:18 UTC,"1.44 % 82,694 USDT","-1.94 % 79,933 USDT"
JUPUSDT,Short,0.717 USDT,"700,000","-553,270.41 USDT","187,717 USDT",33.93 %,03/02/2025 15:52 UTC,03/09/2025 21:50 UTC,47.66 % 0.49 USDT,-15.81 % 0.85 USDT
SOLUSDT,Short,143.05 USDT,"5,000","-715,250.00 USDT","24,628 USDT",3.44 %,03/05/2025 00:34 UTC,03/08/2025 11:02 UTC,5.45 % 135.66 USDT,-6.20 % 152.50 USDT
ADAUSDT,Short,0.824 USDT,"100,000","82,380.00 USDT",990.61 USDT,1.20 %,03/07/2025 16:11 UTC,03/07/2025 21:08 UTC,0.78 % 0.82 USDT,-4.40 % 0.86 USDT
BTCUSDT,Long,"82,610.651 USDT",30,"2,478,319.54 USDT","2,371 USDT",0.10 %,03/04/2025 16:12 UTC,03/04/2025 16:18 UTC,"0.55 % 83,064 USDT","-0.02 % 82,596 USDT"
SOLUSDT,Short,170.18 USDT,"5,000","-850,898.53 USDT","159,285 USDT",18.72 %,03/03/2025 02:20 UTC,03/04/2025 15:59 UTC,27.71 % 133.26 USDT,-0.77 % 171.50 USDT
BERAUSDT,Long,8.193 USDT,"100,273.8","780,864.46 USDT","30,788 USDT",3.94 %,02/26/2025 21:05 UTC,03/03/2025 06:41 UTC,9.17 % 8.94 USDT,-12.05 % 7.21 USDT
ETHUSDT,Long,"2,447.917 USDT","1,501.505","3,675,559.40 USDT","48,773 USDT",1.33 %,03/02/2025 16:39 UTC,03/02/2025 16:45 UTC,"2.04 % 2,497 USDT","-2.56 % 2,385 USDT"
BTCUSDT,Long,"82,468.495 USDT",60.02,"4,949,759.05 USDT","457,359 USDT",9.24 %,02/26/2025 09:45 UTC,03/02/2025 16:37 UTC,"9.68 % 90,450 USDT","-5.18 % 78,200 USDT"
SOLUSDT,Long,139.99 USDT,"3,000","419,970.00 USDT","5,236 USDT",1.25 %,03/01/2025 12:05 UTC,03/01/2025 23:09 UTC,2.45 % 143.42 USDT,-1.06 % 138.50 USDT
TAOUSDT,Long,306.826 USDT,600,"184,095.72 USDT","8,229 USDT",4.47 %,02/28/2025 04:51 UTC,03/01/2025 11:16 UTC,10.69 % 339.62 USDT,-1.82 % 301.25 USDT
ENAUSDT,Long,0.426 USDT,"1,500,000","638,700.00 USDT","-36,939.80 USDT",-5.78 %,02/26/2025 03:02 UTC,03/01/2025 11:15 UTC,3.85 % 0.44 USDT,-10.15 % 0.38 USDT
SOLUSDT,Short,140.741 USDT,"3,000","-422,222.08 USDT","13,672 USDT",3.24 %,02/25/2025 11:40 UTC,02/26/2025 21:24 UTC,7.47 % 130.96 USDT,-3.96 % 146.54 USDT
COWUSDT,Short,0.445 USDT,"245,199","-109,109.08 USDT","1,204 USDT",1.10 %,02/25/2025 11:47 UTC,02/25/2025 13:29 UTC,8.61 % 0.41 USDT,-1.12 % 0.45 USDT
COWUSDT,Short,0.403 USDT,"176,819","-71,186.07 USDT","-6,376.92 USDT",-8.96 %,02/25/2025 11:29 UTC,02/25/2025 11:41 UTC,1.46 % 0.40 USDT,-7.07 % 0.43 USDT
SOLUSDT,Short,133.367 USDT,"3,000","400,101.66 USDT","-7,901.35 USDT",-1.97 %,02/25/2025 10:14 UTC,02/25/2025 10:31 UTC,0.62 % 132.55 USDT,-1.87 % 135.91 USDT
SOLUSDT,Short,182.138 USDT,"3,000","-546,415.00 USDT","135,727 USDT",24.84 %,02/17/2025 04:44 UTC,02/25/2025 08:08 UTC,35.44 % 134.48 USDT,-2.36 % 186.54 USDT
KAITOUSDT,Long,1.557 USDT,"11,555","17,989.39 USDT",413.73 USDT,2.30 %,02/23/2025 18:13 UTC,02/24/2025 02:59 UTC,4.38 % 1.62 USDT,-5.56 % 1.47 USDT
TAOUSDT,Long,398.799 USDT,600,"239,279.24 USDT","36,216 USDT",15.14 %,02/19/2025 11:16 UTC,02/20/2025 22:07 UTC,17.72 % 469.47 USDT,-0.59 % 396.46 USDT
JUPUSDT,Short,0.738 USDT,"100,000","73,820.40 USDT","2,166 USDT",2.94 %,02/18/2025 05:31 UTC,02/18/2025 23:05 UTC,9.66 % 0.67 USDT,-1.12 % 0.75 USDT
JUPUSDT,Short,0.838 USDT,"250,000","209,500.00 USDT","8,245 USDT",3.94 %,02/17/2025 04:45 UTC,02/18/2025 01:45 UTC,5.03 % 0.80 USDT,-0.83 % 0.84 USDT
TRUMPUSDT,Long,19.121 USDT,"40,000","764,840.00 USDT","-3,293.91 USDT",-0.43 %,02/17/2025 01:55 UTC,02/17/2025 02:21 UTC,1.15 % 19.34 USDT,-0.66 % 18.99 USDT
JUPUSDT,Long,0.871 USDT,"345,357","300,669.49 USDT","1,578 USDT",0.53 %,02/16/2025 16:03 UTC,02/16/2025 23:19 UTC,1.64 % 0.88 USDT,-1.11 % 0.86 USDT
BTCUSDT,Long,"98,050 USDT",10,"980,500.00 USDT",655.33 USDT,0.07 %,02/05/2025 01:45 UTC,02/06/2025 14:46 UTC,"1.10 % 99,124 USDT","-1.98 % 96,106 USDT"
LDOUSDT,Long,2.398 USDT,"100,116","240,120.49 USDT","-40,307.60 USDT",-16.79 %,01/31/2025 15:57 UTC,02/02/2025 04:04 UTC,1.32 % 2.43 USDT,-20.02 % 1.92 USDT
TAOUSDT,Long,456.31 USDT,"1,000","456,310.00 USDT","-29,069.27 USDT",-6.37 %,01/30/2025 07:31 UTC,02/02/2025 04:04 UTC,4.97 % 479.00 USDT,-17.19 % 377.88 USDT
BTCDOMUSDT,Long,"3,200.399 USDT",78.115,"249,999.19 USDT","9,176 USDT",3.67 %,01/24/2025 00:51 UTC,01/27/2025 07:28 UTC,"4.10 % 3,331 USDT","-1.63 % 3,148 USDT"
SOLUSDT,Long,255.61 USDT,"5,996","1,532,637.56 USDT","11,308 USDT",0.74 %,01/22/2025 14:52 UTC,01/23/2025 00:00 UTC,6.43 % 272.05 USDT,-0.94 % 253.21 USDT
DOGEUSDT,Long,0.368 USDT,"151,403","55,733.24 USDT","1,946 USDT",3.49 %,01/21/2025 11:28 UTC,01/21/2025 11:37 UTC,4.86 % 0.39 USDT,
DOGEUSDT,Long,0.382 USDT,"5,230,125","1,999,744.78 USDT","-115,059.81 USDT",-5.75 %,01/20/2025 09:11 UTC,01/20/2025 23:44 UTC,0.44 % 0.38 USDT,-9.01 % 0.35 USDT
SOLUSDT,Short,188.988 USDT,"5,000","-944,937.89 USDT","-320,208.04 USDT",-33.89 %,01/15/2025 12:59 UTC,01/19/2025 15:18 UTC,,-35.66 % 293.75 USDT
TRUMPUSDT,Long,65.896 USDT,"10,000","658,960.00 USDT","17,519 USDT",2.66 %,01/19/2025 09:36 UTC,01/19/2025 10:33 UTC,6.16 % 69.96 USDT,-15.02 % 56.00 USDT
TRUMPUSDT,Short,71.28 USDT,"10,220.4","728,512.17 USDT","67,498 USDT",9.27 %,01/19/2025 09:13 UTC,01/19/2025 09:31 UTC,14.97 % 62.00 USDT,-5.27 % 75.25 USDT
TRUMPUSDT,Short,58.782 USDT,"20,540.14","-1,207,385.90 USDT","-49,603.25 USDT",-4.11 %,01/19/2025 08:49 UTC,01/19/2025 09:06 UTC,2.42 % 57.40 USDT,-3.81 % 61.11 USDT
TRUMPUSDT,Short,47.803 USDT,"20,000","-956,050.08 USDT","-220,194.74 USDT",-23.03 %,01/19/2025 08:13 UTC,01/19/2025 08:48 UTC,2.81 % 46.50 USDT,-17.30 % 57.80 USDT
TRUMPUSDT,Short,44.153 USDT,"4,233.23","186,909.80 USDT","2,296 USDT",1.23 %,01/19/2025 06:57 UTC,01/19/2025 07:07 UTC,3.18 % 42.79 USDT,
TRUMPUSDT,Short,30.887 USDT,"4,831.07","149,217.26 USDT","6,877 USDT",4.61 %,01/18/2025 16:14 UTC,01/18/2025 16:18 UTC,0.70 % 30.67 USDT,
ETHUSDT,Short,"3,217.99 USDT",310.752,"999,996.83 USDT","-37,021.82 USDT",-3.70 %,01/14/2025 13:33 UTC,01/15/2025 23:05 UTC,"1.30 % 3,176 USDT","-7.21 % 3,468 USDT"
SUIUSDT,Short,4.671 USDT,"135,781.8","-634,178.54 USDT","-27,467.83 USDT",-4.33 %,01/14/2025 13:31 UTC,01/15/2025 23:05 UTC,5.21 % 4.44 USDT,-4.27 % 4.88 USDT
USUALUSDT,Short,0.918 USDT,"108,920","99,999.45 USDT","26,807 USDT",26.81 %,01/07/2025 14:00 UTC,01/10/2025 07:32 UTC,42.98 % 0.64 USDT,-0.17 % 0.92 USDT
SOLUSDT,Long,194.159 USDT,"10,538","2,046,051.73 USDT","8,154 USDT",0.40 %,12/28/2024 18:13 UTC,12/28/2024 23:09 UTC,0.94 % 195.98 USDT,-0.80 % 192.61 USDT
1000BONKUSDT,Long,0.032 USDT,"31,548,727","999,999.99 USDT","23,309 USDT",2.33 %,12/22/2024 15:58 UTC,12/26/2024 04:37 UTC,8.75 % 0.03 USDT,-4.98 % 0.03 USDT
MOODENGUSDT,Long,0.29 USDT,"689,845","199,999.85 USDT","-11,567.97 USDT",-5.78 %,12/23/2024 22:29 UTC,12/26/2024 03:50 UTC,0.44 % 0.29 USDT,-7.95 % 0.27 USDT
SOLUSDT,Long,184.169 USDT,"5,429","999,853.98 USDT","70,666 USDT",7.07 %,12/23/2024 15:22 UTC,12/26/2024 03:50 UTC,9.56 % 201.77 USDT,-1.91 % 180.65 USDT
SUIUSDT,Long,4.645 USDT,"107,642.6","499,999.88 USDT","-17,528.41 USDT",-3.51 %,12/24/2024 05:28 UTC,12/25/2024 11:48 UTC,2.26 % 4.75 USDT,-3.94 % 4.46 USDT
MOODENGUSDT,Long,0.269 USDT,"1,115,822","299,999.90 USDT",-372.19 USDT,-0.12 %,12/22/2024 09:55 UTC,12/22/2024 15:24 UTC,4.47 % 0.28 USDT,-3.27 % 0.26 USDT
SUIUSDT,Long,4.489 USDT,"278,477.7","1,249,997.46 USDT","-66,445.63 USDT",-5.32 %,12/21/2024 13:37 UTC,12/22/2024 15:17 UTC,2.26 % 4.59 USDT,-5.87 % 4.23 USDT
1000BONKUSDT,Long,0.029 USDT,"16,851,051","499,992.50 USDT","32,287 USDT",6.46 %,12/19/2024 23:24 UTC,12/22/2024 15:17 UTC,18.86 % 0.04 USDT,-15.65 % 0.02 USDT
GOATUSDT,Long,0.487 USDT,"614,124","299,999.57 USDT","5,675 USDT",1.89 %,12/19/2024 23:27 UTC,12/22/2024 15:16 UTC,15.88 % 0.56 USDT,-20.72 % 0.39 USDT
ONDOUSDT,Long,1.744 USDT,"286,697.2","499,999.92 USDT","-35,667.29 USDT",-7.13 %,12/20/2024 01:05 UTC,12/22/2024 15:15 UTC,10.37 % 1.92 USDT,-15.40 % 1.48 USDT
1000PEPEUSDT,Long,0.017 USDT,"40,741,636","699,960.18 USDT",-961.84 USDT,-0.14 %,12/19/2024 23:24 UTC,12/22/2024 15:15 UTC,14.97 % 0.02 USDT,-16.04 % 0.01 USDT
PENGUUSDT,Long,0.029 USDT,"10,178,462","299,977.19 USDT","-36,602.50 USDT",-12.20 %,12/20/2024 00:30 UTC,12/22/2024 15:15 UTC,9.73 % 0.03 USDT,-22.34 % 0.02 USDT
ENAUSDT,Long,1.027 USDT,"389,332","399,999.27 USDT","11,320 USDT",2.83 %,12/22/2024 03:25 UTC,12/22/2024 09:05 UTC,4.05 % 1.07 USDT,-3.64 % 0.99 USDT
SOLUSDT,Long,179.125 USDT,"5,582","999,877.16 USDT","18,176 USDT",1.82 %,12/20/2024 10:12 UTC,12/22/2024 03:17 UTC,12.74 % 201.94 USDT,-2.19 % 175.20 USDT
ENSUSDT,Long,32.092 USDT,738,"23,683.90 USDT","1,350 USDT",5.70 %,12/20/2024 12:12 UTC,12/22/2024 03:16 UTC,22.40 % 39.28 USDT,
ENSUSDT,Long,35.99 USDT,"20,000","719,800.00 USDT","11,094 USDT",1.54 %,12/19/2024 22:08 UTC,12/19/2024 23:02 UTC,2.11 % 36.75 USDT,-0.19 % 35.92 USDT
1000BONKUSDT,Long,0.03 USDT,"10,118,385","300,000.00 USDT","5,494 USDT",1.83 %,12/19/2024 22:25 UTC,12/19/2024 22:54 UTC,2.38 % 0.03 USDT,-0.60 % 0.03 USDT
SUIUSDT,Long,4.777 USDT,"100,000","477,700.00 USDT","2,872 USDT",0.60 %,12/17/2024 11:16 UTC,12/17/2024 12:30 UTC,0.67 % 4.81 USDT,-0.89 % 4.73 USDT
SOLUSDT,Long,220.22 USDT,"10,000","2,202,200.00 USDT","15,873 USDT",0.72 %,12/17/2024 09:29 UTC,12/17/2024 10:00 UTC,0.94 % 222.30 USDT,-0.30 % 219.57 USDT
VANAUSDT,Short,29.384 USDT,"11,235.73","-330,146.81 USDT","42,021 USDT",12.73 %,12/17/2024 00:30 UTC,12/17/2024 00:48 UTC,11.72 % 26.30 USDT,-1.67 % 29.88 USDT
SOLUSDT,Long,231.003 USDT,"13,500","3,118,543.45 USDT","-240,697.36 USDT",-7.72 %,12/05/2024 12:16 UTC,12/16/2024 12:46 UTC,6.11 % 245.12 USDT,-11.69 % 204.00 USDT
SUIUSDT,Long,3.835 USDT,"602,134.1","2,238,467.44 USDT","312,722 USDT",13.97 %,12/09/2024 16:33 UTC,12/16/2024 10:52 UTC,28.47 % 4.93 USDT,-10.28 % 3.44 USDT
MEUSDT,Long,5.057 USDT,"81,106.2","410,127.76 USDT","-116,756.38 USDT",-28.47 %,12/11/2024 14:07 UTC,12/16/2024 10:17 UTC,8.57 % 5.49 USDT,-29.20 % 3.58 USDT
ONDOUSDT,Long,1.608 USDT,"813,733.4","1,279,078.28 USDT","323,796 USDT",25.31 %,12/09/2024 05:40 UTC,12/16/2024 10:07 UTC,24.89 % 2.01 USDT,-20.79 % 1.27 USDT
ENSUSDT,Long,44.277 USDT,"15,017.4","664,928.14 USDT","52,880 USDT",7.95 %,12/15/2024 15:38 UTC,12/16/2024 10:06 UTC,14.19 % 50.56 USDT,-2.22 % 43.29 USDT
BTCUSDT,Long,"100,000 USDT",10,"1,000,000.00 USDT","45,352 USDT",4.54 %,12/13/2024 04:54 UTC,12/16/2024 10:06 UTC,"6.67 % 106,665 USDT","-0.55 % 99,446 USDT"
MEUSDT,Short,6.544 USDT,"20,000","-130,870.00 USDT","-5,051.92 USDT",-3.86 %,12/11/2024 01:29 UTC,12/11/2024 01:41 UTC,3.23 % 6.34 USDT,-3.22 % 6.76 USDT
MEUSDT,Short,6.347 USDT,"29,410.1","186,658.70 USDT","-3,772.98 USDT",-2.02 %,12/11/2024 01:03 UTC,12/11/2024 01:08 UTC,,-1.75 % 6.46 USDT
BTCUSDT,Long,"95,656.238 USDT",15,"1,434,843.57 USDT","-11,662.73 USDT",-0.81 %,12/10/2024 17:03 UTC,12/10/2024 17:34 UTC,"0.26 % 95,904 USDT","-1.14 % 94,567 USDT"
MOVEUSDT,Short,1.085 USDT,"200,000","-216,969.59 USDT","7,840 USDT",3.61 %,12/10/2024 04:07 UTC,12/10/2024 04:11 UTC,2.06 % 1.06 USDT,
ZROUSDT,Long,6.633 USDT,"11,307.1","74,999.99 USDT",-73.64 USDT,-0.10 %,12/06/2024 00:56 UTC,12/06/2024 01:02 UTC,0.38 % 6.66 USDT,-0.59 % 6.59 USDT
SUIUSDT,Long,4.19 USDT,"200,000","837,900.00 USDT","-10,670.16 USDT",-1.27 %,12/05/2024 13:51 UTC,12/05/2024 21:14 UTC,6.07 % 4.44 USDT,-2.71 % 4.08 USDT
ONDOUSDT,Long,1.739 USDT,"998,310.9","1,736,322.89 USDT","11,519 USDT",0.66 %,12/03/2024 23:35 UTC,12/05/2024 07:48 UTC,12.35 % 1.95 USDT,-5.10 % 1.65 USDT
ASTRUSDT,Long,0.089 USDT,"7,012,100","625,062.31 USDT","-13,443.26 USDT",-2.15 %,12/03/2024 23:52 UTC,12/05/2024 07:33 UTC,6.62 % 0.10 USDT,-4.26 % 0.09 USDT
TAOUSDT,Long,638.024 USDT,400,"255,209.56 USDT","9,656 USDT",3.78 %,12/05/2024 01:46 UTC,12/05/2024 06:20 UTC,8.14 % 689.99 USDT,-0.39 % 635.54 USDT
SUIUSDT,Long,3.732 USDT,"300,000","1,119,552.85 USDT","11,787 USDT",1.05 %,12/03/2024 16:42 UTC,12/05/2024 06:11 UTC,8.79 % 4.06 USDT,-5.57 % 3.52 USDT
SOLUSDT,Long,233.92 USDT,"7,384","1,727,263.92 USDT","4,496 USDT",0.26 %,12/04/2024 01:29 UTC,12/05/2024 06:10 UTC,2.15 % 238.95 USDT,-4.62 % 223.11 USDT
WLDUSDT,Long,3.2 USDT,"100,000","320,000.00 USDT","9,994 USDT",3.12 %,12/05/2024 01:48 UTC,12/05/2024 06:09 UTC,4.98 % 3.36 USDT,-0.91 % 3.17 USDT
WLDUSDC,Long,3.312 USDT,"90,569.5","299,999.69 USDT",-834.62 USDT,-0.28 %,12/04/2024 06:34 UTC,12/05/2024 06:09 UTC,5.69 % 3.50 USDT,-5.43 % 3.13 USDT
JUPUSDT,Long,1.308 USDT,"250,000","327,125.00 USDT","-10,006.92 USDT",-3.06 %,12/04/2024 04:20 UTC,12/05/2024 01:46 UTC,2.87 % 1.35 USDT,-5.97 % 1.23 USDT
BNBUSDT,Long,701.548 USDT,"5,731.44","4,020,883.10 USDT","12,809 USDT",0.32 %,12/05/2024 01:17 UTC,12/05/2024 01:36 UTC,0.52 % 705.22 USDT,-1.65 % 690.00 USDT
VETUSDT,Long,0.077 USDT,"2,594,101","199,999.48 USDT","-10,583.54 USDT",-5.29 %,12/03/2024 23:58 UTC,12/04/2024 04:59 UTC,1.51 % 0.08 USDT,-10.39 % 0.07 USDT
TRXUSDT,Long,0.374 USDT,"1,508,234","564,451.09 USDT","16,702 USDT",2.96 %,12/04/2024 02:51 UTC,12/04/2024 03:54 UTC,3.76 % 0.39 USDT,-1.54 % 0.37 USDT
BATUSDT,Long,0.344 USDT,"1,000,000","343,850.00 USDT","-20,650.26 USDT",-6.01 %,12/03/2024 12:42 UTC,12/03/2024 16:19 UTC,0.89 % 0.35 USDT,-11.33 % 0.30 USDT
SUIUSDT,Long,3.731 USDT,"400,000","1,474,884.69 USDT","-2,262.53 USDT",-0.15 %,12/03/2024 13:36 UTC,12/03/2024 16:06 UTC,4.01 % 3.88 USDT,-4.70 % 3.56 USDT
ONDOUSDT,Long,1.666 USDT,"491,873.7","819,620.18 USDT","36,331 USDT",4.43 %,12/03/2024 02:55 UTC,12/03/2024 16:06 UTC,9.73 % 1.83 USDT,-7.66 % 1.54 USDT
XRPUSDT,Short,2.742 USDT,"101,000","-276,893.12 USDT","17,676 USDT",6.38 %,12/02/2024 14:13 UTC,12/03/2024 13:39 UTC,5.42 % 2.60 USDT,-4.73 % 2.88 USDT
GOATUSDT,Long,0.733 USDT,"44,372","32,524.21 USDT","-1,451.83 USDT",-4.46 %,12/03/2024 00:58 UTC,12/03/2024 11:00 UTC,1.32 % 0.74 USDT,-5.58 % 0.69 USDT
ADAUSDT,Long,1.286 USDT,"777,302","999,999.02 USDT","-10,113.25 USDT",-1.01 %,12/03/2024 02:21 UTC,12/03/2024 02:39 UTC,0.01 % 1.29 USDT,-1.64 % 1.27 USDT
INJUSDT,Long,31.36 USDT,"25,000","784,000.00 USDT","-10,004.75 USDT",-1.28 %,12/02/2024 03:29 UTC,12/02/2024 03:48 UTC,0.14 % 31.40 USDT,-1.66 % 30.84 USDT
AVAXUSDT,Long,48.414 USDT,"26,000","1,258,769.54 USDT",-527.49 USDT,-0.04 %,12/02/2024 03:21 UTC,12/02/2024 03:46 UTC,1.40 % 49.09 USDT,-0.66 % 48.10 USDT
SUIUSDT,Long,3.491 USDT,"300,000","1,047,200.00 USDT","-18,342.84 USDT",-1.75 %,12/01/2024 15:53 UTC,12/02/2024 02:13 UTC,1.33 % 3.54 USDT,-2.41 % 3.41 USDT
1000SHIBUSDT,Long,0.031 USDT,"22,568,996","699,999.98 USDT","7,021 USDT",1.00 %,12/01/2024 06:09 UTC,12/01/2024 23:25 UTC,7.01 % 0.03 USDT,-5.01 % 0.03 USDT
WLDUSDT,Long,3.221 USDT,"93,147","299,998.54 USDT","18,370 USDT",6.12 %,11/30/2024 12:28 UTC,12/01/2024 23:22 UTC,16.07 % 3.74 USDT,-2.31 % 3.15 USDT
SUIUSDT,Long,3.494 USDT,"100,000","349,400.00 USDT",-15.24 USDT,0.00 %,12/01/2024 15:37 UTC,12/01/2024 15:40 UTC,0.15 % 3.50 USDT,-0.07 % 3.49 USDT
TAOUSDT,Long,532.204 USDT,"2,608.906","1,388,469.83 USDT","215,418 USDT",15.51 %,11/21/2024 01:43 UTC,11/30/2024 01:35 UTC,20.25 % 639.99 USDT,-7.65 % 491.50 USDT
GOATUSDT,Long,0.833 USDT,"1,007,789","839,376.98 USDT","33,130 USDT",3.95 %,11/23/2024 10:18 UTC,11/30/2024 01:18 UTC,14.73 % 0.96 USDT,-16.84 % 0.69 USDT
RPLUSDT,Long,13.297 USDT,"11,280.7","149,999.47 USDT","7,494 USDT",5.00 %,11/26/2024 14:30 UTC,11/30/2024 01:03 UTC,11.45 % 14.82 USDT,-4.34 % 12.72 USDT
SOLUSDT,Long,212.754 USDT,"10,313","2,194,130.34 USDT","298,924 USDT",13.62 %,11/18/2024 09:52 UTC,11/30/2024 01:02 UTC,22.25 % 260.09 USDT,
AGLDUSDT,Long,1.473 USDT,"205,600","302,761.93 USDT","7,645 USDT",2.53 %,11/18/2024 02:28 UTC,11/30/2024 00:53 UTC,7.86 % 1.59 USDT,-15.91 % 1.24 USDT
SUIUSDT,Long,3.28 USDT,"724,618.5","2,376,778.58 USDT","104,913 USDT",4.41 %,11/20/2024 04:07 UTC,11/30/2024 00:30 UTC,11.47 % 3.66 USDT,-9.39 % 2.97 USDT
BTCUSDT,Long,"91,900.7 USDT",15,"1,378,510.50 USDT","2,033 USDT",0.15 %,11/26/2024 11:28 UTC,11/26/2024 23:55 UTC,"3.10 % 94,745 USDT","-1.13 % 90,866 USDT"
GRASSUSDT,Long,2.716 USDT,"17,905.6","48,629.33 USDT","2,991 USDT",6.15 %,11/25/2024 13:29 UTC,11/26/2024 00:38 UTC,7.35 % 2.92 USDT,-8.34 % 2.49 USDT
WLDUSDT,Long,2.634 USDT,"300,000","790,350.00 USDT","-44,560.98 USDT",-5.64 %,11/25/2024 01:20 UTC,11/25/2024 13:27 UTC,0.72 % 2.65 USDT,-6.12 % 2.47 USDT
STXUSDT,Long,2.278 USDT,"219,510","499,999.88 USDT","2,220 USDT",0.44 %,11/25/2024 02:51 UTC,11/25/2024 04:30 UTC,5.96 % 2.41 USDT,-1.66 % 2.24 USDT
JUPUSDT,Long,1.12 USDT,100,112.01 USDT,-1.69 USDT,-1.51 %,11/14/2024 17:11 UTC,11/25/2024 01:43 UTC,5.29 % 1.18 USDT,-7.40 % 1.04 USDT
BTCUSDT,Long,"66,195.264 USDT",22,"1,456,295.80 USDT","680,196 USDT",46.71 %,10/31/2024 16:07 UTC,11/25/2024 01:25 UTC,"49.05 % 98,666 USDT",
