Symbol,Direction,Entry Price,Max Size,Max Size USDT,Realized PnL,Realized PnL %,Open Time,Close Time,Runup,Drawdown,Open_Time_UTC,Close_Time_UTC,Open_Time_KST,Close_Time_KST,Open_Time_KST_Str,Close_Time_KST_Str,PnL_Value,PnL_Sign,PnL_Numeric,Size_USDT_Numeric,Size_USDT_Abs,Cumulative_PnL,Period_Cumulative_PnL
BTCUSDT,Long,"66,195.264 USDT",22,"1,456,295.80 USDT","680,196 USDT",46.71 %,10/31/2024 16:07 UTC,11/25/2024 01:25 UTC,"49.05 % 98,666 USDT",,2024-10-31 16:07:00,2024-11-25 01:25:00,2024-11-01 01:07:00,2024-11-25 10:25:00,2024-11-01 01:07 KST,2024-11-25 10:25 KST,680196.0,1,680196.0,1456295.8,1456295.8,680196.0,680196.0
JUPUSDT,Long,1.12 USDT,100,112.01 USDT,-1.69 USDT,-1.51 %,11/14/2024 17:11 UTC,11/25/2024 01:43 UTC,5.29 % 1.18 USDT,-7.40 % 1.04 USDT,2024-11-14 17:11:00,2024-11-25 01:43:00,2024-11-15 02:11:00,2024-11-25 10:43:00,2024-11-15 02:11 KST,2024-11-25 10:43 KST,1.69,-1,-1.69,112.01,112.01,680194.31,680194.31
AGLDUSDT,Long,1.473 USDT,"205,600","302,761.93 USDT","7,645 USDT",2.53 %,11/18/2024 02:28 UTC,11/30/2024 00:53 UTC,7.86 % 1.59 USDT,-15.91 % 1.24 USDT,2024-11-18 02:28:00,2024-11-30 00:53:00,2024-11-18 11:28:00,2024-11-30 09:53:00,2024-11-18 11:28 KST,2024-11-30 09:53 KST,7645.0,1,7645.0,302761.93,302761.93,687839.31,687839.31
SOLUSDT,Long,212.754 USDT,"10,313","2,194,130.34 USDT","298,924 USDT",13.62 %,11/18/2024 09:52 UTC,11/30/2024 01:02 UTC,22.25 % 260.09 USDT,,2024-11-18 09:52:00,2024-11-30 01:02:00,2024-11-18 18:52:00,2024-11-30 10:02:00,2024-11-18 18:52 KST,2024-11-30 10:02 KST,298924.0,1,298924.0,2194130.34,2194130.34,986763.31,986763.31
SUIUSDT,Long,3.28 USDT,"724,618.5","2,376,778.58 USDT","104,913 USDT",4.41 %,11/20/2024 04:07 UTC,11/30/2024 00:30 UTC,11.47 % 3.66 USDT,-9.39 % 2.97 USDT,2024-11-20 04:07:00,2024-11-30 00:30:00,2024-11-20 13:07:00,2024-11-30 09:30:00,2024-11-20 13:07 KST,2024-11-30 09:30 KST,104913.0,1,104913.0,2376778.58,2376778.58,1091676.31,1091676.31
TAOUSDT,Long,532.204 USDT,"2,608.906","1,388,469.83 USDT","215,418 USDT",15.51 %,11/21/2024 01:43 UTC,11/30/2024 01:35 UTC,20.25 % 639.99 USDT,-7.65 % 491.50 USDT,2024-11-21 01:43:00,2024-11-30 01:35:00,2024-11-21 10:43:00,2024-11-30 10:35:00,2024-11-21 10:43 KST,2024-11-30 10:35 KST,215418.0,1,215418.0,1388469.83,1388469.83,1307094.31,1307094.31
GOATUSDT,Long,0.833 USDT,"1,007,789","839,376.98 USDT","33,130 USDT",3.95 %,11/23/2024 10:18 UTC,11/30/2024 01:18 UTC,14.73 % 0.96 USDT,-16.84 % 0.69 USDT,2024-11-23 10:18:00,2024-11-30 01:18:00,2024-11-23 19:18:00,2024-11-30 10:18:00,2024-11-23 19:18 KST,2024-11-30 10:18 KST,33130.0,1,33130.0,839376.98,839376.98,1340224.31,1340224.31
WLDUSDT,Long,2.634 USDT,"300,000","790,350.00 USDT","-44,560.98 USDT",-5.64 %,11/25/2024 01:20 UTC,11/25/2024 13:27 UTC,0.72 % 2.65 USDT,-6.12 % 2.47 USDT,2024-11-25 01:20:00,2024-11-25 13:27:00,2024-11-25 10:20:00,2024-11-25 22:27:00,2024-11-25 10:20 KST,2024-11-25 22:27 KST,44560.98,-1,-44560.98,790350.0,790350.0,1295663.33,1295663.33
STXUSDT,Long,2.278 USDT,"219,510","499,999.88 USDT","2,220 USDT",0.44 %,11/25/2024 02:51 UTC,11/25/2024 04:30 UTC,5.96 % 2.41 USDT,-1.66 % 2.24 USDT,2024-11-25 02:51:00,2024-11-25 04:30:00,2024-11-25 11:51:00,2024-11-25 13:30:00,2024-11-25 11:51 KST,2024-11-25 13:30 KST,2220.0,1,2220.0,499999.88,499999.88,1297883.33,1297883.33
GRASSUSDT,Long,2.716 USDT,"17,905.6","48,629.33 USDT","2,991 USDT",6.15 %,11/25/2024 13:29 UTC,11/26/2024 00:38 UTC,7.35 % 2.92 USDT,-8.34 % 2.49 USDT,2024-11-25 13:29:00,2024-11-26 00:38:00,2024-11-25 22:29:00,2024-11-26 09:38:00,2024-11-25 22:29 KST,2024-11-26 09:38 KST,2991.0,1,2991.0,48629.33,48629.33,1300874.33,1300874.33
BTCUSDT,Long,"91,900.7 USDT",15,"1,378,510.50 USDT","2,033 USDT",0.15 %,11/26/2024 11:28 UTC,11/26/2024 23:55 UTC,"3.10 % 94,745 USDT","-1.13 % 90,866 USDT",2024-11-26 11:28:00,2024-11-26 23:55:00,2024-11-26 20:28:00,2024-11-27 08:55:00,2024-11-26 20:28 KST,2024-11-27 08:55 KST,2033.0,1,2033.0,1378510.5,1378510.5,1302907.33,1302907.33
RPLUSDT,Long,13.297 USDT,"11,280.7","149,999.47 USDT","7,494 USDT",5.00 %,11/26/2024 14:30 UTC,11/30/2024 01:03 UTC,11.45 % 14.82 USDT,-4.34 % 12.72 USDT,2024-11-26 14:30:00,2024-11-30 01:03:00,2024-11-26 23:30:00,2024-11-30 10:03:00,2024-11-26 23:30 KST,2024-11-30 10:03 KST,7494.0,1,7494.0,149999.47,149999.47,1310401.33,1310401.33
WLDUSDT,Long,3.221 USDT,"93,147","299,998.54 USDT","18,370 USDT",6.12 %,11/30/2024 12:28 UTC,12/01/2024 23:22 UTC,16.07 % 3.74 USDT,-2.31 % 3.15 USDT,2024-11-30 12:28:00,2024-12-01 23:22:00,2024-11-30 21:28:00,2024-12-02 08:22:00,2024-11-30 21:28 KST,2024-12-02 08:22 KST,18370.0,1,18370.0,299998.54,299998.54,1328771.33,1328771.33
1000SHIBUSDT,Long,0.031 USDT,"22,568,996","699,999.98 USDT","7,021 USDT",1.00 %,12/01/2024 06:09 UTC,12/01/2024 23:25 UTC,7.01 % 0.03 USDT,-5.01 % 0.03 USDT,2024-12-01 06:09:00,2024-12-01 23:25:00,2024-12-01 15:09:00,2024-12-02 08:25:00,2024-12-01 15:09 KST,2024-12-02 08:25 KST,7021.0,1,7021.0,699999.98,699999.98,1335792.33,1335792.33
SUIUSDT,Long,3.494 USDT,"100,000","349,400.00 USDT",-15.24 USDT,0.00 %,12/01/2024 15:37 UTC,12/01/2024 15:40 UTC,0.15 % 3.50 USDT,-0.07 % 3.49 USDT,2024-12-01 15:37:00,2024-12-01 15:40:00,2024-12-02 00:37:00,2024-12-02 00:40:00,2024-12-02 00:37 KST,2024-12-02 00:40 KST,15.24,-1,-15.24,349400.0,349400.0,1335777.09,1335777.09
SUIUSDT,Long,3.491 USDT,"300,000","1,047,200.00 USDT","-18,342.84 USDT",-1.75 %,12/01/2024 15:53 UTC,12/02/2024 02:13 UTC,1.33 % 3.54 USDT,-2.41 % 3.41 USDT,2024-12-01 15:53:00,2024-12-02 02:13:00,2024-12-02 00:53:00,2024-12-02 11:13:00,2024-12-02 00:53 KST,2024-12-02 11:13 KST,18342.84,-1,-18342.84,1047200.0,1047200.0,1317434.25,1317434.25
AVAXUSDT,Long,48.414 USDT,"26,000","1,258,769.54 USDT",-527.49 USDT,-0.04 %,12/02/2024 03:21 UTC,12/02/2024 03:46 UTC,1.40 % 49.09 USDT,-0.66 % 48.10 USDT,2024-12-02 03:21:00,2024-12-02 03:46:00,2024-12-02 12:21:00,2024-12-02 12:46:00,2024-12-02 12:21 KST,2024-12-02 12:46 KST,527.49,-1,-527.49,1258769.54,1258769.54,1316906.76,1316906.76
INJUSDT,Long,31.36 USDT,"25,000","784,000.00 USDT","-10,004.75 USDT",-1.28 %,12/02/2024 03:29 UTC,12/02/2024 03:48 UTC,0.14 % 31.40 USDT,-1.66 % 30.84 USDT,2024-12-02 03:29:00,2024-12-02 03:48:00,2024-12-02 12:29:00,2024-12-02 12:48:00,2024-12-02 12:29 KST,2024-12-02 12:48 KST,10004.75,-1,-10004.75,784000.0,784000.0,1306902.01,1306902.01
GOATUSDT,Long,0.733 USDT,"44,372","32,524.21 USDT","-1,451.83 USDT",-4.46 %,12/03/2024 00:58 UTC,12/03/2024 11:00 UTC,1.32 % 0.74 USDT,-5.58 % 0.69 USDT,2024-12-03 00:58:00,2024-12-03 11:00:00,2024-12-03 09:58:00,2024-12-03 20:00:00,2024-12-03 09:58 KST,2024-12-03 20:00 KST,1451.83,-1,-1451.83,32524.21,32524.21,1323126.18,1323126.18
ADAUSDT,Long,1.286 USDT,"777,302","999,999.02 USDT","-10,113.25 USDT",-1.01 %,12/03/2024 02:21 UTC,12/03/2024 02:39 UTC,0.01 % 1.29 USDT,-1.64 % 1.27 USDT,2024-12-03 02:21:00,2024-12-03 02:39:00,2024-12-03 11:21:00,2024-12-03 11:39:00,2024-12-03 11:21 KST,2024-12-03 11:39 KST,10113.25,-1,-10113.25,999999.02,999999.02,1313012.93,1313012.93
ONDOUSDT,Long,1.666 USDT,"491,873.7","819,620.18 USDT","36,331 USDT",4.43 %,12/03/2024 02:55 UTC,12/03/2024 16:06 UTC,9.73 % 1.83 USDT,-7.66 % 1.54 USDT,2024-12-03 02:55:00,2024-12-03 16:06:00,2024-12-03 11:55:00,2024-12-04 01:06:00,2024-12-03 11:55 KST,2024-12-04 01:06 KST,36331.0,1,36331.0,819620.18,819620.18,1349343.93,1349343.93
BATUSDT,Long,0.344 USDT,"1,000,000","343,850.00 USDT","-20,650.26 USDT",-6.01 %,12/03/2024 12:42 UTC,12/03/2024 16:19 UTC,0.89 % 0.35 USDT,-11.33 % 0.30 USDT,2024-12-03 12:42:00,2024-12-03 16:19:00,2024-12-03 21:42:00,2024-12-04 01:19:00,2024-12-03 21:42 KST,2024-12-04 01:19 KST,20650.26,-1,-20650.26,343850.0,343850.0,1328693.67,1328693.67
SUIUSDT,Long,3.731 USDT,"400,000","1,474,884.69 USDT","-2,262.53 USDT",-0.15 %,12/03/2024 13:36 UTC,12/03/2024 16:06 UTC,4.01 % 3.88 USDT,-4.70 % 3.56 USDT,2024-12-03 13:36:00,2024-12-03 16:06:00,2024-12-03 22:36:00,2024-12-04 01:06:00,2024-12-03 22:36 KST,2024-12-04 01:06 KST,2262.53,-1,-2262.53,1474884.69,1474884.69,1326431.14,1326431.14
SUIUSDT,Long,3.732 USDT,"300,000","1,119,552.85 USDT","11,787 USDT",1.05 %,12/03/2024 16:42 UTC,12/05/2024 06:11 UTC,8.79 % 4.06 USDT,-5.57 % 3.52 USDT,2024-12-03 16:42:00,2024-12-05 06:11:00,2024-12-04 01:42:00,2024-12-05 15:11:00,2024-12-04 01:42 KST,2024-12-05 15:11 KST,11787.0,1,11787.0,1119552.85,1119552.85,1338218.14,1338218.14
ONDOUSDT,Long,1.739 USDT,"998,310.9","1,736,322.89 USDT","11,519 USDT",0.66 %,12/03/2024 23:35 UTC,12/05/2024 07:48 UTC,12.35 % 1.95 USDT,-5.10 % 1.65 USDT,2024-12-03 23:35:00,2024-12-05 07:48:00,2024-12-04 08:35:00,2024-12-05 16:48:00,2024-12-04 08:35 KST,2024-12-05 16:48 KST,11519.0,1,11519.0,1736322.89,1736322.89,1349737.14,1349737.14
ASTRUSDT,Long,0.089 USDT,"7,012,100","625,062.31 USDT","-13,443.26 USDT",-2.15 %,12/03/2024 23:52 UTC,12/05/2024 07:33 UTC,6.62 % 0.10 USDT,-4.26 % 0.09 USDT,2024-12-03 23:52:00,2024-12-05 07:33:00,2024-12-04 08:52:00,2024-12-05 16:33:00,2024-12-04 08:52 KST,2024-12-05 16:33 KST,13443.26,-1,-13443.26,625062.31,625062.31,1336293.88,1336293.88
VETUSDT,Long,0.077 USDT,"2,594,101","199,999.48 USDT","-10,583.54 USDT",-5.29 %,12/03/2024 23:58 UTC,12/04/2024 04:59 UTC,1.51 % 0.08 USDT,-10.39 % 0.07 USDT,2024-12-03 23:58:00,2024-12-04 04:59:00,2024-12-04 08:58:00,2024-12-04 13:59:00,2024-12-04 08:58 KST,2024-12-04 13:59 KST,10583.54,-1,-10583.54,199999.48,199999.48,1325710.34,1325710.34
SOLUSDT,Long,233.92 USDT,"7,384","1,727,263.92 USDT","4,496 USDT",0.26 %,12/04/2024 01:29 UTC,12/05/2024 06:10 UTC,2.15 % 238.95 USDT,-4.62 % 223.11 USDT,2024-12-04 01:29:00,2024-12-05 06:10:00,2024-12-04 10:29:00,2024-12-05 15:10:00,2024-12-04 10:29 KST,2024-12-05 15:10 KST,4496.0,1,4496.0,1727263.92,1727263.92,1330206.34,1330206.34
TRXUSDT,Long,0.374 USDT,"1,508,234","564,451.09 USDT","16,702 USDT",2.96 %,12/04/2024 02:51 UTC,12/04/2024 03:54 UTC,3.76 % 0.39 USDT,-1.54 % 0.37 USDT,2024-12-04 02:51:00,2024-12-04 03:54:00,2024-12-04 11:51:00,2024-12-04 12:54:00,2024-12-04 11:51 KST,2024-12-04 12:54 KST,16702.0,1,16702.0,564451.09,564451.09,1346908.34,1346908.34
JUPUSDT,Long,1.308 USDT,"250,000","327,125.00 USDT","-10,006.92 USDT",-3.06 %,12/04/2024 04:20 UTC,12/05/2024 01:46 UTC,2.87 % 1.35 USDT,-5.97 % 1.23 USDT,2024-12-04 04:20:00,2024-12-05 01:46:00,2024-12-04 13:20:00,2024-12-05 10:46:00,2024-12-04 13:20 KST,2024-12-05 10:46 KST,10006.92,-1,-10006.92,327125.0,327125.0,1336901.42,1336901.42
WLDUSDC,Long,3.312 USDT,"90,569.5","299,999.69 USDT",-834.62 USDT,-0.28 %,12/04/2024 06:34 UTC,12/05/2024 06:09 UTC,5.69 % 3.50 USDT,-5.43 % 3.13 USDT,2024-12-04 06:34:00,2024-12-05 06:09:00,2024-12-04 15:34:00,2024-12-05 15:09:00,2024-12-04 15:34 KST,2024-12-05 15:09 KST,834.62,-1,-834.62,299999.69,299999.69,1336066.7999999998,1336066.7999999998
BNBUSDT,Long,701.548 USDT,"5,731.44","4,020,883.10 USDT","12,809 USDT",0.32 %,12/05/2024 01:17 UTC,12/05/2024 01:36 UTC,0.52 % 705.22 USDT,-1.65 % 690.00 USDT,2024-12-05 01:17:00,2024-12-05 01:36:00,2024-12-05 10:17:00,2024-12-05 10:36:00,2024-12-05 10:17 KST,2024-12-05 10:36 KST,12809.0,1,12809.0,4020883.1,4020883.1,1348875.7999999998,1348875.7999999998
TAOUSDT,Long,638.024 USDT,400,"255,209.56 USDT","9,656 USDT",3.78 %,12/05/2024 01:46 UTC,12/05/2024 06:20 UTC,8.14 % 689.99 USDT,-0.39 % 635.54 USDT,2024-12-05 01:46:00,2024-12-05 06:20:00,2024-12-05 10:46:00,2024-12-05 15:20:00,2024-12-05 10:46 KST,2024-12-05 15:20 KST,9656.0,1,9656.0,255209.56,255209.56,1358531.7999999998,1358531.7999999998
WLDUSDT,Long,3.2 USDT,"100,000","320,000.00 USDT","9,994 USDT",3.12 %,12/05/2024 01:48 UTC,12/05/2024 06:09 UTC,4.98 % 3.36 USDT,-0.91 % 3.17 USDT,2024-12-05 01:48:00,2024-12-05 06:09:00,2024-12-05 10:48:00,2024-12-05 15:09:00,2024-12-05 10:48 KST,2024-12-05 15:09 KST,9994.0,1,9994.0,320000.0,320000.0,1368525.7999999998,1368525.7999999998
SOLUSDT,Long,231.003 USDT,"13,500","3,118,543.45 USDT","-240,697.36 USDT",-7.72 %,12/05/2024 12:16 UTC,12/16/2024 12:46 UTC,6.11 % 245.12 USDT,-11.69 % 204.00 USDT,2024-12-05 12:16:00,2024-12-16 12:46:00,2024-12-05 21:16:00,2024-12-16 21:46:00,2024-12-05 21:16 KST,2024-12-16 21:46 KST,240697.36,-1,-240697.36,3118543.45,3118543.45,1127828.44,1127828.44
SUIUSDT,Long,4.19 USDT,"200,000","837,900.00 USDT","-10,670.16 USDT",-1.27 %,12/05/2024 13:51 UTC,12/05/2024 21:14 UTC,6.07 % 4.44 USDT,-2.71 % 4.08 USDT,2024-12-05 13:51:00,2024-12-05 21:14:00,2024-12-05 22:51:00,2024-12-06 06:14:00,2024-12-05 22:51 KST,2024-12-06 06:14 KST,10670.16,-1,-10670.16,837900.0,837900.0,1117158.28,1117158.28
ZROUSDT,Long,6.633 USDT,"11,307.1","74,999.99 USDT",-73.64 USDT,-0.10 %,12/06/2024 00:56 UTC,12/06/2024 01:02 UTC,0.38 % 6.66 USDT,-0.59 % 6.59 USDT,2024-12-06 00:56:00,2024-12-06 01:02:00,2024-12-06 09:56:00,2024-12-06 10:02:00,2024-12-06 09:56 KST,2024-12-06 10:02 KST,73.64,-1,-73.64,74999.99,74999.99,1117084.64,1117084.64
ONDOUSDT,Long,1.608 USDT,"813,733.4","1,279,078.28 USDT","323,796 USDT",25.31 %,12/09/2024 05:40 UTC,12/16/2024 10:07 UTC,24.89 % 2.01 USDT,-20.79 % 1.27 USDT,2024-12-09 05:40:00,2024-12-16 10:07:00,2024-12-09 14:40:00,2024-12-16 19:07:00,2024-12-09 14:40 KST,2024-12-16 19:07 KST,323796.0,1,323796.0,1279078.28,1279078.28,1440880.64,1440880.64
SUIUSDT,Long,3.835 USDT,"602,134.1","2,238,467.44 USDT","312,722 USDT",13.97 %,12/09/2024 16:33 UTC,12/16/2024 10:52 UTC,28.47 % 4.93 USDT,-10.28 % 3.44 USDT,2024-12-09 16:33:00,2024-12-16 10:52:00,2024-12-10 01:33:00,2024-12-16 19:52:00,2024-12-10 01:33 KST,2024-12-16 19:52 KST,312722.0,1,312722.0,2238467.44,2238467.44,1753602.64,1753602.64
BTCUSDT,Long,"95,656.238 USDT",15,"1,434,843.57 USDT","-11,662.73 USDT",-0.81 %,12/10/2024 17:03 UTC,12/10/2024 17:34 UTC,"0.26 % 95,904 USDT","-1.14 % 94,567 USDT",2024-12-10 17:03:00,2024-12-10 17:34:00,2024-12-11 02:03:00,2024-12-11 02:34:00,2024-12-11 02:03 KST,2024-12-11 02:34 KST,11662.73,-1,-11662.73,1434843.57,1434843.57,1749779.91,1749779.91
MEUSDT,Long,5.057 USDT,"81,106.2","410,127.76 USDT","-116,756.38 USDT",-28.47 %,12/11/2024 14:07 UTC,12/16/2024 10:17 UTC,8.57 % 5.49 USDT,-29.20 % 3.58 USDT,2024-12-11 14:07:00,2024-12-16 10:17:00,2024-12-11 23:07:00,2024-12-16 19:17:00,2024-12-11 23:07 KST,2024-12-16 19:17 KST,116756.38,-1,-116756.38,410127.76,410127.76,1624198.6300000004,1624198.6300000004
BTCUSDT,Long,"100,000 USDT",10,"1,000,000.00 USDT","45,352 USDT",4.54 %,12/13/2024 04:54 UTC,12/16/2024 10:06 UTC,"6.67 % 106,665 USDT","-0.55 % 99,446 USDT",2024-12-13 04:54:00,2024-12-16 10:06:00,2024-12-13 13:54:00,2024-12-16 19:06:00,2024-12-13 13:54 KST,2024-12-16 19:06 KST,45352.0,1,45352.0,1000000.0,1000000.0,1669550.6300000004,1669550.6300000004
ENSUSDT,Long,44.277 USDT,"15,017.4","664,928.14 USDT","52,880 USDT",7.95 %,12/15/2024 15:38 UTC,12/16/2024 10:06 UTC,14.19 % 50.56 USDT,-2.22 % 43.29 USDT,2024-12-15 15:38:00,2024-12-16 10:06:00,2024-12-16 00:38:00,2024-12-16 19:06:00,2024-12-16 00:38 KST,2024-12-16 19:06 KST,52880.0,1,52880.0,664928.14,664928.14,1722430.6300000004,1722430.6300000004
SOLUSDT,Long,220.22 USDT,"10,000","2,202,200.00 USDT","15,873 USDT",0.72 %,12/17/2024 09:29 UTC,12/17/2024 10:00 UTC,0.94 % 222.30 USDT,-0.30 % 219.57 USDT,2024-12-17 09:29:00,2024-12-17 10:00:00,2024-12-17 18:29:00,2024-12-17 19:00:00,2024-12-17 18:29 KST,2024-12-17 19:00 KST,15873.0,1,15873.0,2202200.0,2202200.0,1780324.6300000004,1780324.6300000004
SUIUSDT,Long,4.777 USDT,"100,000","477,700.00 USDT","2,872 USDT",0.60 %,12/17/2024 11:16 UTC,12/17/2024 12:30 UTC,0.67 % 4.81 USDT,-0.89 % 4.73 USDT,2024-12-17 11:16:00,2024-12-17 12:30:00,2024-12-17 20:16:00,2024-12-17 21:30:00,2024-12-17 20:16 KST,2024-12-17 21:30 KST,2872.0,1,2872.0,477700.0,477700.0,1783196.6300000004,1783196.6300000004
ENSUSDT,Long,35.99 USDT,"20,000","719,800.00 USDT","11,094 USDT",1.54 %,12/19/2024 22:08 UTC,12/19/2024 23:02 UTC,2.11 % 36.75 USDT,-0.19 % 35.92 USDT,2024-12-19 22:08:00,2024-12-19 23:02:00,2024-12-20 07:08:00,2024-12-20 08:02:00,2024-12-20 07:08 KST,2024-12-20 08:02 KST,11094.0,1,11094.0,719800.0,719800.0,1794290.6300000004,1794290.6300000004
1000BONKUSDT,Long,0.03 USDT,"10,118,385","300,000.00 USDT","5,494 USDT",1.83 %,12/19/2024 22:25 UTC,12/19/2024 22:54 UTC,2.38 % 0.03 USDT,-0.60 % 0.03 USDT,2024-12-19 22:25:00,2024-12-19 22:54:00,2024-12-20 07:25:00,2024-12-20 07:54:00,2024-12-20 07:25 KST,2024-12-20 07:54 KST,5494.0,1,5494.0,300000.0,300000.0,1799784.6300000004,1799784.6300000004
1000PEPEUSDT,Long,0.017 USDT,"40,741,636","699,960.18 USDT",-961.84 USDT,-0.14 %,12/19/2024 23:24 UTC,12/22/2024 15:15 UTC,14.97 % 0.02 USDT,-16.04 % 0.01 USDT,2024-12-19 23:24:00,2024-12-22 15:15:00,2024-12-20 08:24:00,2024-12-23 00:15:00,2024-12-20 08:24 KST,2024-12-23 00:15 KST,961.84,-1,-961.84,699960.18,699960.18,1798822.7900000005,1798822.7900000005
1000BONKUSDT,Long,0.029 USDT,"16,851,051","499,992.50 USDT","32,287 USDT",6.46 %,12/19/2024 23:24 UTC,12/22/2024 15:17 UTC,18.86 % 0.04 USDT,-15.65 % 0.02 USDT,2024-12-19 23:24:00,2024-12-22 15:17:00,2024-12-20 08:24:00,2024-12-23 00:17:00,2024-12-20 08:24 KST,2024-12-23 00:17 KST,32287.0,1,32287.0,499992.5,499992.5,1831109.7900000005,1831109.7900000005
GOATUSDT,Long,0.487 USDT,"614,124","299,999.57 USDT","5,675 USDT",1.89 %,12/19/2024 23:27 UTC,12/22/2024 15:16 UTC,15.88 % 0.56 USDT,-20.72 % 0.39 USDT,2024-12-19 23:27:00,2024-12-22 15:16:00,2024-12-20 08:27:00,2024-12-23 00:16:00,2024-12-20 08:27 KST,2024-12-23 00:16 KST,5675.0,1,5675.0,299999.57,299999.57,1836784.7900000005,1836784.7900000005
PENGUUSDT,Long,0.029 USDT,"10,178,462","299,977.19 USDT","-36,602.50 USDT",-12.20 %,12/20/2024 00:30 UTC,12/22/2024 15:15 UTC,9.73 % 0.03 USDT,-22.34 % 0.02 USDT,2024-12-20 00:30:00,2024-12-22 15:15:00,2024-12-20 09:30:00,2024-12-23 00:15:00,2024-12-20 09:30 KST,2024-12-23 00:15 KST,36602.5,-1,-36602.5,299977.19,299977.19,1800182.2900000005,1800182.2900000005
ONDOUSDT,Long,1.744 USDT,"286,697.2","499,999.92 USDT","-35,667.29 USDT",-7.13 %,12/20/2024 01:05 UTC,12/22/2024 15:15 UTC,10.37 % 1.92 USDT,-15.40 % 1.48 USDT,2024-12-20 01:05:00,2024-12-22 15:15:00,2024-12-20 10:05:00,2024-12-23 00:15:00,2024-12-20 10:05 KST,2024-12-23 00:15 KST,35667.29,-1,-35667.29,499999.92,499999.92,1764515.0000000002,1764515.0000000002
SOLUSDT,Long,179.125 USDT,"5,582","999,877.16 USDT","18,176 USDT",1.82 %,12/20/2024 10:12 UTC,12/22/2024 03:17 UTC,12.74 % 201.94 USDT,-2.19 % 175.20 USDT,2024-12-20 10:12:00,2024-12-22 03:17:00,2024-12-20 19:12:00,2024-12-22 12:17:00,2024-12-20 19:12 KST,2024-12-22 12:17 KST,18176.0,1,18176.0,999877.16,999877.16,1782691.0000000002,1782691.0000000002
ENSUSDT,Long,32.092 USDT,738,"23,683.90 USDT","1,350 USDT",5.70 %,12/20/2024 12:12 UTC,12/22/2024 03:16 UTC,22.40 % 39.28 USDT,,2024-12-20 12:12:00,2024-12-22 03:16:00,2024-12-20 21:12:00,2024-12-22 12:16:00,2024-12-20 21:12 KST,2024-12-22 12:16 KST,1350.0,1,1350.0,23683.9,23683.9,1784041.0000000002,1784041.0000000002
SUIUSDT,Long,4.489 USDT,"278,477.7","1,249,997.46 USDT","-66,445.63 USDT",-5.32 %,12/21/2024 13:37 UTC,12/22/2024 15:17 UTC,2.26 % 4.59 USDT,-5.87 % 4.23 USDT,2024-12-21 13:37:00,2024-12-22 15:17:00,2024-12-21 22:37:00,2024-12-23 00:17:00,2024-12-21 22:37 KST,2024-12-23 00:17 KST,66445.63,-1,-66445.63,1249997.46,1249997.46,1717595.37,1717595.37
ENAUSDT,Long,1.027 USDT,"389,332","399,999.27 USDT","11,320 USDT",2.83 %,12/22/2024 03:25 UTC,12/22/2024 09:05 UTC,4.05 % 1.07 USDT,-3.64 % 0.99 USDT,2024-12-22 03:25:00,2024-12-22 09:05:00,2024-12-22 12:25:00,2024-12-22 18:05:00,2024-12-22 12:25 KST,2024-12-22 18:05 KST,11320.0,1,11320.0,399999.27,399999.27,1728915.37,1728915.37
MOODENGUSDT,Long,0.269 USDT,"1,115,822","299,999.90 USDT",-372.19 USDT,-0.12 %,12/22/2024 09:55 UTC,12/22/2024 15:24 UTC,4.47 % 0.28 USDT,-3.27 % 0.26 USDT,2024-12-22 09:55:00,2024-12-22 15:24:00,2024-12-22 18:55:00,2024-12-23 00:24:00,2024-12-22 18:55 KST,2024-12-23 00:24 KST,372.19,-1,-372.19,299999.9,299999.9,1728543.1800000002,1728543.1800000002
1000BONKUSDT,Long,0.032 USDT,"31,548,727","999,999.99 USDT","23,309 USDT",2.33 %,12/22/2024 15:58 UTC,12/26/2024 04:37 UTC,8.75 % 0.03 USDT,-4.98 % 0.03 USDT,2024-12-22 15:58:00,2024-12-26 04:37:00,2024-12-23 00:58:00,2024-12-26 13:37:00,2024-12-23 00:58 KST,2024-12-26 13:37 KST,23309.0,1,23309.0,999999.99,999999.99,1751852.1800000002,1751852.1800000002
SOLUSDT,Long,184.169 USDT,"5,429","999,853.98 USDT","70,666 USDT",7.07 %,12/23/2024 15:22 UTC,12/26/2024 03:50 UTC,9.56 % 201.77 USDT,-1.91 % 180.65 USDT,2024-12-23 15:22:00,2024-12-26 03:50:00,2024-12-24 00:22:00,2024-12-26 12:50:00,2024-12-24 00:22 KST,2024-12-26 12:50 KST,70666.0,1,70666.0,999853.98,999853.98,1822518.18,1822518.18
MOODENGUSDT,Long,0.29 USDT,"689,845","199,999.85 USDT","-11,567.97 USDT",-5.78 %,12/23/2024 22:29 UTC,12/26/2024 03:50 UTC,0.44 % 0.29 USDT,-7.95 % 0.27 USDT,2024-12-23 22:29:00,2024-12-26 03:50:00,2024-12-24 07:29:00,2024-12-26 12:50:00,2024-12-24 07:29 KST,2024-12-26 12:50 KST,11567.97,-1,-11567.97,199999.85,199999.85,1810950.21,1810950.21
SUIUSDT,Long,4.645 USDT,"107,642.6","499,999.88 USDT","-17,528.41 USDT",-3.51 %,12/24/2024 05:28 UTC,12/25/2024 11:48 UTC,2.26 % 4.75 USDT,-3.94 % 4.46 USDT,2024-12-24 05:28:00,2024-12-25 11:48:00,2024-12-24 14:28:00,2024-12-25 20:48:00,2024-12-24 14:28 KST,2024-12-25 20:48 KST,17528.41,-1,-17528.41,499999.88,499999.88,1793421.8000000005,1793421.8000000005
SOLUSDT,Long,194.159 USDT,"10,538","2,046,051.73 USDT","8,154 USDT",0.40 %,12/28/2024 18:13 UTC,12/28/2024 23:09 UTC,0.94 % 195.98 USDT,-0.80 % 192.61 USDT,2024-12-28 18:13:00,2024-12-28 23:09:00,2024-12-29 03:13:00,2024-12-29 08:09:00,2024-12-29 03:13 KST,2024-12-29 08:09 KST,8154.0,1,8154.0,2046051.73,2046051.73,1801575.8000000005,1801575.8000000005
TRUMPUSDT,Long,65.896 USDT,"10,000","658,960.00 USDT","17,519 USDT",2.66 %,01/19/2025 09:36 UTC,01/19/2025 10:33 UTC,6.16 % 69.96 USDT,-15.02 % 56.00 USDT,2025-01-19 09:36:00,2025-01-19 10:33:00,2025-01-19 18:36:00,2025-01-19 19:33:00,2025-01-19 18:36 KST,2025-01-19 19:33 KST,17519.0,1,17519.0,658960.0,658960.0,1268077.12,1268077.12
DOGEUSDT,Long,0.382 USDT,"5,230,125","1,999,744.78 USDT","-115,059.81 USDT",-5.75 %,01/20/2025 09:11 UTC,01/20/2025 23:44 UTC,0.44 % 0.38 USDT,-9.01 % 0.35 USDT,2025-01-20 09:11:00,2025-01-20 23:44:00,2025-01-20 18:11:00,2025-01-21 08:44:00,2025-01-20 18:11 KST,2025-01-21 08:44 KST,115059.81,-1,-115059.81,1999744.78,1999744.78,1153017.31,1153017.31
DOGEUSDT,Long,0.368 USDT,"151,403","55,733.24 USDT","1,946 USDT",3.49 %,01/21/2025 11:28 UTC,01/21/2025 11:37 UTC,4.86 % 0.39 USDT,,2025-01-21 11:28:00,2025-01-21 11:37:00,2025-01-21 20:28:00,2025-01-21 20:37:00,2025-01-21 20:28 KST,2025-01-21 20:37 KST,1946.0,1,1946.0,55733.24,55733.24,1154963.31,1154963.31
SOLUSDT,Long,255.61 USDT,"5,996","1,532,637.56 USDT","11,308 USDT",0.74 %,01/22/2025 14:52 UTC,01/23/2025 00:00 UTC,6.43 % 272.05 USDT,-0.94 % 253.21 USDT,2025-01-22 14:52:00,2025-01-23 00:00:00,2025-01-22 23:52:00,2025-01-23 09:00:00,2025-01-22 23:52 KST,2025-01-23 09:00 KST,11308.0,1,11308.0,1532637.56,1532637.56,1166271.31,1166271.31
BTCDOMUSDT,Long,"3,200.399 USDT",78.115,"249,999.19 USDT","9,176 USDT",3.67 %,01/24/2025 00:51 UTC,01/27/2025 07:28 UTC,"4.10 % 3,331 USDT","-1.63 % 3,148 USDT",2025-01-24 00:51:00,2025-01-27 07:28:00,2025-01-24 09:51:00,2025-01-27 16:28:00,2025-01-24 09:51 KST,2025-01-27 16:28 KST,9176.0,1,9176.0,249999.19,249999.19,1175447.31,1175447.31
TAOUSDT,Long,456.31 USDT,"1,000","456,310.00 USDT","-29,069.27 USDT",-6.37 %,01/30/2025 07:31 UTC,02/02/2025 04:04 UTC,4.97 % 479.00 USDT,-17.19 % 377.88 USDT,2025-01-30 07:31:00,2025-02-02 04:04:00,2025-01-30 16:31:00,2025-02-02 13:04:00,2025-01-30 16:31 KST,2025-02-02 13:04 KST,29069.27,-1,-29069.27,456310.0,456310.0,1146378.04,1146378.04
LDOUSDT,Long,2.398 USDT,"100,116","240,120.49 USDT","-40,307.60 USDT",-16.79 %,01/31/2025 15:57 UTC,02/02/2025 04:04 UTC,1.32 % 2.43 USDT,-20.02 % 1.92 USDT,2025-01-31 15:57:00,2025-02-02 04:04:00,2025-02-01 00:57:00,2025-02-02 13:04:00,2025-02-01 00:57 KST,2025-02-02 13:04 KST,40307.6,-1,-40307.6,240120.49,240120.49,1106070.44,1106070.44
BTCUSDT,Long,"98,050 USDT",10,"980,500.00 USDT",655.33 USDT,0.07 %,02/05/2025 01:45 UTC,02/06/2025 14:46 UTC,"1.10 % 99,124 USDT","-1.98 % 96,106 USDT",2025-02-05 01:45:00,2025-02-06 14:46:00,2025-02-05 10:45:00,2025-02-06 23:46:00,2025-02-05 10:45 KST,2025-02-06 23:46 KST,655.33,1,655.33,980500.0,980500.0,1106725.77,1106725.77
JUPUSDT,Long,0.871 USDT,"345,357","300,669.49 USDT","1,578 USDT",0.53 %,02/16/2025 16:03 UTC,02/16/2025 23:19 UTC,1.64 % 0.88 USDT,-1.11 % 0.86 USDT,2025-02-16 16:03:00,2025-02-16 23:19:00,2025-02-17 01:03:00,2025-02-17 08:19:00,2025-02-17 01:03 KST,2025-02-17 08:19 KST,1578.0,1,1578.0,300669.49,300669.49,1108303.77,1108303.77
TRUMPUSDT,Long,19.121 USDT,"40,000","764,840.00 USDT","-3,293.91 USDT",-0.43 %,02/17/2025 01:55 UTC,02/17/2025 02:21 UTC,1.15 % 19.34 USDT,-0.66 % 18.99 USDT,2025-02-17 01:55:00,2025-02-17 02:21:00,2025-02-17 10:55:00,2025-02-17 11:21:00,2025-02-17 10:55 KST,2025-02-17 11:21 KST,3293.91,-1,-3293.91,764840.0,764840.0,1105009.86,1105009.86
TAOUSDT,Long,398.799 USDT,600,"239,279.24 USDT","36,216 USDT",15.14 %,02/19/2025 11:16 UTC,02/20/2025 22:07 UTC,17.72 % 469.47 USDT,-0.59 % 396.46 USDT,2025-02-19 11:16:00,2025-02-20 22:07:00,2025-02-19 20:16:00,2025-02-21 07:07:00,2025-02-19 20:16 KST,2025-02-21 07:07 KST,36216.0,1,36216.0,239279.24,239279.24,1287363.86,1287363.86
KAITOUSDT,Long,1.557 USDT,"11,555","17,989.39 USDT",413.73 USDT,2.30 %,02/23/2025 18:13 UTC,02/24/2025 02:59 UTC,4.38 % 1.62 USDT,-5.56 % 1.47 USDT,2025-02-23 18:13:00,2025-02-24 02:59:00,2025-02-24 03:13:00,2025-02-24 11:59:00,2025-02-24 03:13 KST,2025-02-24 11:59 KST,413.73,1,413.73,17989.39,17989.39,1287777.59,1287777.59
ENAUSDT,Long,0.426 USDT,"1,500,000","638,700.00 USDT","-36,939.80 USDT",-5.78 %,02/26/2025 03:02 UTC,03/01/2025 11:15 UTC,3.85 % 0.44 USDT,-10.15 % 0.38 USDT,2025-02-26 03:02:00,2025-03-01 11:15:00,2025-02-26 12:02:00,2025-03-01 20:15:00,2025-02-26 12:02 KST,2025-03-01 20:15 KST,36939.8,-1,-36939.8,638700.0,638700.0,1251435.52,1251435.52
BTCUSDT,Long,"82,468.495 USDT",60.02,"4,949,759.05 USDT","457,359 USDT",9.24 %,02/26/2025 09:45 UTC,03/02/2025 16:37 UTC,"9.68 % 90,450 USDT","-5.18 % 78,200 USDT",2025-02-26 09:45:00,2025-03-02 16:37:00,2025-02-26 18:45:00,2025-03-03 01:37:00,2025-02-26 18:45 KST,2025-03-03 01:37 KST,457359.0,1,457359.0,4949759.05,4949759.05,1708794.52,1708794.52
BERAUSDT,Long,8.193 USDT,"100,273.8","780,864.46 USDT","30,788 USDT",3.94 %,02/26/2025 21:05 UTC,03/03/2025 06:41 UTC,9.17 % 8.94 USDT,-12.05 % 7.21 USDT,2025-02-26 21:05:00,2025-03-03 06:41:00,2025-02-27 06:05:00,2025-03-03 15:41:00,2025-02-27 06:05 KST,2025-03-03 15:41 KST,30788.0,1,30788.0,780864.46,780864.46,1739582.52,1739582.52
TAOUSDT,Long,306.826 USDT,600,"184,095.72 USDT","8,229 USDT",4.47 %,02/28/2025 04:51 UTC,03/01/2025 11:16 UTC,10.69 % 339.62 USDT,-1.82 % 301.25 USDT,2025-02-28 04:51:00,2025-03-01 11:16:00,2025-02-28 13:51:00,2025-03-01 20:16:00,2025-02-28 13:51 KST,2025-03-01 20:16 KST,8229.0,1,8229.0,184095.72,184095.72,1747811.52,1747811.52
SOLUSDT,Long,139.99 USDT,"3,000","419,970.00 USDT","5,236 USDT",1.25 %,03/01/2025 12:05 UTC,03/01/2025 23:09 UTC,2.45 % 143.42 USDT,-1.06 % 138.50 USDT,2025-03-01 12:05:00,2025-03-01 23:09:00,2025-03-01 21:05:00,2025-03-02 08:09:00,2025-03-01 21:05 KST,2025-03-02 08:09 KST,5236.0,1,5236.0,419970.0,419970.0,1753047.52,1753047.52
ETHUSDT,Long,"2,447.917 USDT","1,501.505","3,675,559.40 USDT","48,773 USDT",1.33 %,03/02/2025 16:39 UTC,03/02/2025 16:45 UTC,"2.04 % 2,497 USDT","-2.56 % 2,385 USDT",2025-03-02 16:39:00,2025-03-02 16:45:00,2025-03-03 01:39:00,2025-03-03 01:45:00,2025-03-03 01:39 KST,2025-03-03 01:45 KST,48773.0,1,48773.0,3675559.4,3675559.4,1989537.52,1989537.52
BTCUSDT,Long,"82,610.651 USDT",30,"2,478,319.54 USDT","2,371 USDT",0.10 %,03/04/2025 16:12 UTC,03/04/2025 16:18 UTC,"0.55 % 83,064 USDT","-0.02 % 82,596 USDT",2025-03-04 16:12:00,2025-03-04 16:18:00,2025-03-05 01:12:00,2025-03-05 01:18:00,2025-03-05 01:12 KST,2025-03-05 01:18 KST,2371.0,1,2371.0,2478319.54,2478319.54,2151193.52,2151193.52
BTCUSDT,Long,"81,518.233 USDT",30,"2,445,547.00 USDT","9,671 USDT",0.40 %,03/09/2025 21:30 UTC,03/10/2025 03:18 UTC,"1.44 % 82,694 USDT","-1.94 % 79,933 USDT",2025-03-09 21:30:00,2025-03-10 03:18:00,2025-03-10 06:30:00,2025-03-10 12:18:00,2025-03-10 06:30 KST,2025-03-10 12:18 KST,9671.0,1,9671.0,2445547.0,2445547.0,2186483.13,2186483.13
GRASSUSDT,Long,1.726 USDT,"119,159.6","205,678.93 USDT","-41,590.18 USDT",-20.22 %,03/09/2025 22:29 UTC,03/13/2025 11:45 UTC,6.42 % 1.84 USDT,-29.35 % 1.22 USDT,2025-03-09 22:29:00,2025-03-13 11:45:00,2025-03-10 07:29:00,2025-03-13 20:45:00,2025-03-10 07:29 KST,2025-03-13 20:45 KST,41590.18,-1,-41590.18,205678.93,205678.93,2144892.9499999997,2144892.9499999997
BTCUSDT,Long,"81,069.75 USDT",20,"1,621,395.00 USDT","-16,064.31 USDT",-0.99 %,03/10/2025 08:33 UTC,03/17/2025 23:31 UTC,"3.65 % 84,031 USDT","-5.56 % 76,560 USDT",2025-03-10 08:33:00,2025-03-17 23:31:00,2025-03-10 17:33:00,2025-03-18 08:31:00,2025-03-10 17:33 KST,2025-03-18 08:31 KST,16064.31,-1,-16064.31,1621395.0,1621395.0,2128828.6399999997,2128828.6399999997
BTCUSDT,Long,"84,968.337 USDT",27,"2,274,365.16 USDT","67,171 USDT",2.95 %,03/18/2025 01:44 UTC,03/26/2025 13:10 UTC,"4.16 % 88,500 USDT","-4.54 % 81,113 USDT",2025-03-18 01:44:00,2025-03-26 13:10:00,2025-03-18 10:44:00,2025-03-26 22:10:00,2025-03-18 10:44 KST,2025-03-26 22:10 KST,67171.0,1,67171.0,2274365.16,2274365.16,2195999.6399999997,2195999.6399999997
BERAUSDT,Long,7.144 USDT,"30,000","214,310.00 USDT","21,371 USDT",9.97 %,03/21/2025 06:37 UTC,03/26/2025 13:11 UTC,15.91 % 8.28 USDT,-12.26 % 6.27 USDT,2025-03-21 06:37:00,2025-03-26 13:11:00,2025-03-21 15:37:00,2025-03-26 22:11:00,2025-03-21 15:37 KST,2025-03-26 22:11 KST,21371.0,1,21371.0,214310.0,214310.0,2217370.6399999997,2217370.6399999997
REDUSDT,Long,0.619 USDT,"786,481","522,334.04 USDT","-151,771.87 USDT",-29.06 %,03/25/2025 13:30 UTC,04/02/2025 22:08 UTC,8.56 % 0.67 USDT,-32.11 % 0.42 USDT,2025-03-25 13:30:00,2025-04-02 22:08:00,2025-03-25 22:30:00,2025-04-03 07:08:00,2025-03-25 22:30 KST,2025-04-03 07:08 KST,151771.87,-1,-151771.87,522334.04,522334.04,2065598.7699999996,2065598.7699999996
ENAUSDT,Long,0.433 USDT,"500,000","216,300.00 USDT",462.27 USDT,0.21 %,03/25/2025 14:01 UTC,03/26/2025 13:17 UTC,1.43 % 0.44 USDT,-4.79 % 0.41 USDT,2025-03-25 14:01:00,2025-03-26 13:17:00,2025-03-25 23:01:00,2025-03-26 22:17:00,2025-03-25 23:01 KST,2025-03-26 22:17 KST,462.27,1,462.27,216300.0,216300.0,2066061.0399999996,2066061.0399999996
BTCUSDT,Long,"84,402.29 USDT",21,"1,772,448.10 USDT","-17,646.19 USDT",-1.00 %,03/28/2025 14:09 UTC,04/02/2025 22:12 UTC,"4.85 % 88,500 USDT","-3.77 % 81,222 USDT",2025-03-28 14:09:00,2025-04-02 22:12:00,2025-03-28 23:09:00,2025-04-03 07:12:00,2025-03-28 23:09 KST,2025-04-03 07:12 KST,17646.19,-1,-17646.19,1772448.1,1772448.1,2048414.8499999996,2048414.8499999996
BTCUSDT,Long,"80,679.53 USDT",10.2,"822,931.20 USDT","-22,353.34 USDT",-2.72 %,04/06/2025 11:00 UTC,04/06/2025 21:36 UTC,"2.81 % 82,944 USDT","-2.70 % 78,500 USDT",2025-04-06 11:00:00,2025-04-06 21:36:00,2025-04-06 20:00:00,2025-04-07 06:36:00,2025-04-06 20:00 KST,2025-04-07 06:36 KST,22353.34,-1,-22353.34,822931.2,822931.2,2037129.9299999997,2037129.9299999997
BTCUSDT,Long,"75,728.486 USDT",15,"1,135,927.29 USDT","-15,880.79 USDT",-1.40 %,04/07/2025 06:30 UTC,04/09/2025 01:27 UTC,"7.23 % 81,200 USDT","-1.42 % 74,650 USDT",2025-04-07 06:30:00,2025-04-09 01:27:00,2025-04-07 15:30:00,2025-04-09 10:27:00,2025-04-07 15:30 KST,2025-04-09 10:27 KST,15880.79,-1,-15880.79,1135927.29,1135927.29,2021249.1399999992,2021249.1399999992
TRUMPUSDT,Long,7.645 USDT,"10,000","76,446.04 USDT",-581.75 USDT,-0.76 %,04/09/2025 13:41 UTC,04/09/2025 13:49 UTC,0.49 % 7.68 USDT,-0.96 % 7.57 USDT,2025-04-09 13:41:00,2025-04-09 13:49:00,2025-04-09 22:41:00,2025-04-09 22:49:00,2025-04-09 22:41 KST,2025-04-09 22:49 KST,581.75,-1,-581.75,76446.04,76446.04,2020667.3899999992,2020667.3899999992
BTCUSDT,Long,"82,498 USDT",25,"2,062,450.00 USDT","19,769 USDT",0.96 %,04/09/2025 23:55 UTC,04/16/2025 06:12 UTC,"4.78 % 86,443 USDT","-4.95 % 78,416 USDT",2025-04-09 23:55:00,2025-04-16 06:12:00,2025-04-10 08:55:00,2025-04-16 15:12:00,2025-04-10 08:55 KST,2025-04-16 15:12 KST,19769.0,1,19769.0,2062450.0,2062450.0,2040436.3899999992,2040436.3899999992
TRUMPUSDT,Long,12.839 USDT,"1,000","12,839.00 USDT","2,001 USDT",15.59 %,04/23/2025 16:20 UTC,04/23/2025 16:31 UTC,,,2025-04-23 16:20:00,2025-04-23 16:31:00,2025-04-24 01:20:00,2025-04-24 01:31:00,2025-04-24 01:20 KST,2025-04-24 01:31 KST,2001.0,1,2001.0,12839.0,12839.0,2042437.3899999992,2042437.3899999992
TRUMPUSDT,Long,13.285 USDT,"100,000","1,334,369.22 USDT","50,648 USDT",3.80 %,04/23/2025 16:58 UTC,04/23/2025 22:44 UTC,,,2025-04-23 16:58:00,2025-04-23 22:44:00,2025-04-24 01:58:00,2025-04-24 07:44:00,2025-04-24 01:58 KST,2025-04-24 07:44 KST,50648.0,1,50648.0,1334369.22,1334369.22,2093085.3899999992,2093085.3899999992
